[
{
  "model": "expenses.expense",
  "pk": "19f3648b-8232-4c21-be98-3aa2b34b011a",
  "fields": {
    "amount": "30.00",
    "creator": "753ab5e3-f1d7-47a2-a814-fb12ab6f5def",
    "payer": "753ab5e3-f1d7-47a2-a814-fb12ab6f5def",
    "description": "Monsoon Curry",
    "split_type": "equal",
    "date_created": "2019-11-15T17:29:58.452Z",
    "date_updated": "2019-11-15T17:29:58.452Z",
    "is_deleted": false
  }
},
{
  "model": "expenses.expense",
  "pk": "3b5e9b3e-fcf6-4af3-b2ea-bbbe6b12f593",
  "fields": {
    "amount": "30.00",
    "creator": "5bfef92e-910c-4ad8-a1a9-67f841456640",
    "payer": "5bfef92e-910c-4ad8-a1a9-67f841456640",
    "description": "Eastern Eye Curry",
    "split_type": "equal",
    "date_created": "2019-11-15T17:33:42.093Z",
    "date_updated": "2019-11-15T17:41:57.990Z",
    "is_deleted": false
  }
},
{
  "model": "expenses.expense",
  "pk": "b422b07e-6d62-47b4-bb9b-7eaea5866131",
  "fields": {
    "amount": "20.00",
    "creator": "753ab5e3-f1d7-47a2-a814-fb12ab6f5def",
    "payer": "753ab5e3-f1d7-47a2-a814-fb12ab6f5def",
    "description": "Jamaican Curry",
    "split_type": "unequal",
    "date_created": "2019-11-15T17:24:15.653Z",
    "date_updated": "2019-11-15T17:24:15.653Z",
    "is_deleted": false
  }
},
{
  "model": "expenses.expense",
  "pk": "f6a2b3b2-0c40-480b-b987-59982e6dc659",
  "fields": {
    "amount": "60.00",
    "creator": "5bfef92e-910c-4ad8-a1a9-67f841456640",
    "payer": "f1f9712c-114b-413c-aca6-29ce6af8eea4",
    "description": "Preems Indian",
    "split_type": "unequal",
    "date_created": "2019-11-15T17:38:58.249Z",
    "date_updated": "2019-11-15T17:38:58.249Z",
    "is_deleted": false
  }
},
{
  "model": "expenses.split",
  "pk": "0435ba13-f4fb-48b6-9669-6ad7274b48f3",
  "fields": {
    "amount": "10.00",
    "expense": "b422b07e-6d62-47b4-bb9b-7eaea5866131",
    "debtor": "37b0dacc-af2b-4487-ab7d-3ecec789984b",
    "date_created": "2019-11-15T17:24:15.653Z",
    "date_updated": "2019-11-15T17:24:15.653Z",
    "is_deleted": false
  }
},
{
  "model": "expenses.split",
  "pk": "0c7749c5-d975-4ac6-9bac-d47488dc0d9d",
  "fields": {
    "amount": "5.00",
    "expense": "b422b07e-6d62-47b4-bb9b-7eaea5866131",
    "debtor": "753ab5e3-f1d7-47a2-a814-fb12ab6f5def",
    "date_created": "2019-11-15T17:24:15.653Z",
    "date_updated": "2019-11-15T17:24:15.653Z",
    "is_deleted": false
  }
},
{
  "model": "expenses.split",
  "pk": "0de2bdb5-9c8b-452f-98f5-c5806d267bab",
  "fields": {
    "amount": "10.00",
    "expense": "19f3648b-8232-4c21-be98-3aa2b34b011a",
    "debtor": "5bfef92e-910c-4ad8-a1a9-67f841456640",
    "date_created": "2019-11-15T17:29:58.453Z",
    "date_updated": "2019-11-15T17:29:58.453Z",
    "is_deleted": false
  }
},
{
  "model": "expenses.split",
  "pk": "16248c5b-7524-471a-8e89-80371558021b",
  "fields": {
    "amount": "20.00",
    "expense": "f6a2b3b2-0c40-480b-b987-59982e6dc659",
    "debtor": "5bfef92e-910c-4ad8-a1a9-67f841456640",
    "date_created": "2019-11-15T17:38:58.250Z",
    "date_updated": "2019-11-15T17:38:58.250Z",
    "is_deleted": false
  }
},
{
  "model": "expenses.split",
  "pk": "17c2387b-5457-481a-8936-fadc201f5e80",
  "fields": {
    "amount": "10.00",
    "expense": "3b5e9b3e-fcf6-4af3-b2ea-bbbe6b12f593",
    "debtor": "37b0dacc-af2b-4487-ab7d-3ecec789984b",
    "date_created": "2019-11-15T17:33:42.094Z",
    "date_updated": "2019-11-15T17:33:42.094Z",
    "is_deleted": false
  }
},
{
  "model": "expenses.split",
  "pk": "23e5b245-a251-422a-a92c-ed17a18420d8",
  "fields": {
    "amount": "10.00",
    "expense": "19f3648b-8232-4c21-be98-3aa2b34b011a",
    "debtor": "37b0dacc-af2b-4487-ab7d-3ecec789984b",
    "date_created": "2019-11-15T17:29:58.453Z",
    "date_updated": "2019-11-15T17:29:58.453Z",
    "is_deleted": false
  }
},
{
  "model": "expenses.split",
  "pk": "31577871-a4c4-43dc-b002-af9bba01babb",
  "fields": {
    "amount": "0.00",
    "expense": "f6a2b3b2-0c40-480b-b987-59982e6dc659",
    "debtor": "f1f9712c-114b-413c-aca6-29ce6af8eea4",
    "date_created": "2019-11-15T17:38:58.250Z",
    "date_updated": "2019-11-15T17:38:58.250Z",
    "is_deleted": false
  }
},
{
  "model": "expenses.split",
  "pk": "44df5b08-dd38-4f1d-b7f6-7c104067a5b6",
  "fields": {
    "amount": "5.00",
    "expense": "b422b07e-6d62-47b4-bb9b-7eaea5866131",
    "debtor": "5bfef92e-910c-4ad8-a1a9-67f841456640",
    "date_created": "2019-11-15T17:24:15.653Z",
    "date_updated": "2019-11-15T17:24:15.653Z",
    "is_deleted": false
  }
},
{
  "model": "expenses.split",
  "pk": "5d162f0c-9020-444d-aa73-4dd74ed2882c",
  "fields": {
    "amount": "20.00",
    "expense": "f6a2b3b2-0c40-480b-b987-59982e6dc659",
    "debtor": "753ab5e3-f1d7-47a2-a814-fb12ab6f5def",
    "date_created": "2019-11-15T17:38:58.250Z",
    "date_updated": "2019-11-15T17:38:58.250Z",
    "is_deleted": false
  }
},
{
  "model": "expenses.split",
  "pk": "67242d40-54fb-4a7c-a26a-827121575955",
  "fields": {
    "amount": "20.00",
    "expense": "f6a2b3b2-0c40-480b-b987-59982e6dc659",
    "debtor": "37b0dacc-af2b-4487-ab7d-3ecec789984b",
    "date_created": "2019-11-15T17:38:58.250Z",
    "date_updated": "2019-11-15T17:38:58.250Z",
    "is_deleted": false
  }
},
{
  "model": "expenses.split",
  "pk": "74cfe6ba-dd83-44b1-85e2-a7a6ee2f34b7",
  "fields": {
    "amount": "10.00",
    "expense": "3b5e9b3e-fcf6-4af3-b2ea-bbbe6b12f593",
    "debtor": "753ab5e3-f1d7-47a2-a814-fb12ab6f5def",
    "date_created": "2019-11-15T17:33:42.094Z",
    "date_updated": "2019-11-15T17:33:42.094Z",
    "is_deleted": false
  }
},
{
  "model": "expenses.split",
  "pk": "ad922be9-a7fa-4e25-99f1-26ae85c89328",
  "fields": {
    "amount": "10.00",
    "expense": "3b5e9b3e-fcf6-4af3-b2ea-bbbe6b12f593",
    "debtor": "5bfef92e-910c-4ad8-a1a9-67f841456640",
    "date_created": "2019-11-15T17:33:42.094Z",
    "date_updated": "2019-11-15T17:33:42.094Z",
    "is_deleted": false
  }
},
{
  "model": "expenses.split",
  "pk": "bbddab85-0828-4475-b6d1-c41ae1fb9ef0",
  "fields": {
    "amount": "10.00",
    "expense": "19f3648b-8232-4c21-be98-3aa2b34b011a",
    "debtor": "753ab5e3-f1d7-47a2-a814-fb12ab6f5def",
    "date_created": "2019-11-15T17:29:58.453Z",
    "date_updated": "2019-11-15T17:29:58.453Z",
    "is_deleted": false
  }
},
{
  "model": "expenses.comment",
  "pk": "07454904-e8d4-4688-b0eb-09763d5fcc69",
  "fields": {
    "text": "Yaah but the jalfrezi was so gooood",
    "expense": "19f3648b-8232-4c21-be98-3aa2b34b011a",
    "user": "753ab5e3-f1d7-47a2-a814-fb12ab6f5def"
  }
},
{
  "model": "expenses.comment",
  "pk": "08b79a12-42bd-40d1-8686-6799bce68763",
  "fields": {
    "text": "Oi when did we go jamaican",
    "expense": "b422b07e-6d62-47b4-bb9b-7eaea5866131",
    "user": "5bfef92e-910c-4ad8-a1a9-67f841456640"
  }
},
{
  "model": "expenses.comment",
  "pk": "21157c23-0725-42db-bf30-21b35560a457",
  "fields": {
    "text": "OMG Naan was so bad",
    "expense": "19f3648b-8232-4c21-be98-3aa2b34b011a",
    "user": "37b0dacc-af2b-4487-ab7d-3ecec789984b"
  }
},
{
  "model": "expenses.comment",
  "pk": "32da6ae3-a6ca-4aef-945b-525586e0b63d",
  "fields": {
    "text": "Yeah the vindaloo was fucked up",
    "expense": "19f3648b-8232-4c21-be98-3aa2b34b011a",
    "user": "37b0dacc-af2b-4487-ab7d-3ecec789984b"
  }
},
{
  "model": "expenses.comment",
  "pk": "64e25ad2-6341-49e8-b126-012e1e1ae211",
  "fields": {
    "text": "Yeah delete this please",
    "expense": "b422b07e-6d62-47b4-bb9b-7eaea5866131",
    "user": "f1f9712c-114b-413c-aca6-29ce6af8eea4"
  }
},
{
  "model": "expenses.comment",
  "pk": "a012e2d1-c406-4144-9b56-a0bcc0cd8c50",
  "fields": {
    "text": "Thanks for the treat admin bro!",
    "expense": "f6a2b3b2-0c40-480b-b987-59982e6dc659",
    "user": "37b0dacc-af2b-4487-ab7d-3ecec789984b"
  }
},
{
  "model": "expenses.comment",
  "pk": "b2e91f2f-7eea-464d-8b86-85bcf782af78",
  "fields": {
    "text": "Curry curry",
    "expense": "3b5e9b3e-fcf6-4af3-b2ea-bbbe6b12f593",
    "user": "37b0dacc-af2b-4487-ab7d-3ecec789984b"
  }
},
{
  "model": "expenses.comment",
  "pk": "b3b45f1f-2d6e-4f95-a4d8-6ddf4f789960",
  "fields": {
    "text": "You wish mate",
    "expense": "f6a2b3b2-0c40-480b-b987-59982e6dc659",
    "user": "f1f9712c-114b-413c-aca6-29ce6af8eea4"
  }
},
{
  "model": "expenses.comment",
  "pk": "c08997d0-d7eb-4fcb-8666-00aed464cd5f",
  "fields": {
    "text": "Thats racist",
    "expense": "3b5e9b3e-fcf6-4af3-b2ea-bbbe6b12f593",
    "user": "37b0dacc-af2b-4487-ab7d-3ecec789984b"
  }
},
{
  "model": "expenses.comment",
  "pk": "f77877a1-b54b-4163-ad3b-c755d9962c8d",
  "fields": {
    "text": "Best one so far",
    "expense": "f6a2b3b2-0c40-480b-b987-59982e6dc659",
    "user": "753ab5e3-f1d7-47a2-a814-fb12ab6f5def"
  }
},
{
  "model": "expenses.ledger",
  "pk": "12d3153e-c18f-4ce4-b37f-fcf2d8189ec7",
  "fields": {
    "payment_from": "f1f9712c-114b-413c-aca6-29ce6af8eea4",
    "payment_to": "37b0dacc-af2b-4487-ab7d-3ecec789984b",
    "amount": "20.00",
    "expense": "f6a2b3b2-0c40-480b-b987-59982e6dc659"
  }
},
{
  "model": "expenses.ledger",
  "pk": "322e6668-49a7-465d-a0dd-872b0cb455f1",
  "fields": {
    "payment_from": "753ab5e3-f1d7-47a2-a814-fb12ab6f5def",
    "payment_to": "37b0dacc-af2b-4487-ab7d-3ecec789984b",
    "amount": "10.00",
    "expense": "19f3648b-8232-4c21-be98-3aa2b34b011a"
  }
},
{
  "model": "expenses.ledger",
  "pk": "45c02dd1-aeac-41d8-9cd8-21513d8973be",
  "fields": {
    "payment_from": "f1f9712c-114b-413c-aca6-29ce6af8eea4",
    "payment_to": "5bfef92e-910c-4ad8-a1a9-67f841456640",
    "amount": "20.00",
    "expense": "f6a2b3b2-0c40-480b-b987-59982e6dc659"
  }
},
{
  "model": "expenses.ledger",
  "pk": "71b335b3-d71d-446d-b623-06a6d54019c6",
  "fields": {
    "payment_from": "753ab5e3-f1d7-47a2-a814-fb12ab6f5def",
    "payment_to": "5bfef92e-910c-4ad8-a1a9-67f841456640",
    "amount": "10.00",
    "expense": "19f3648b-8232-4c21-be98-3aa2b34b011a"
  }
},
{
  "model": "expenses.ledger",
  "pk": "94a4b426-cb2b-4337-bde9-ac500b476f99",
  "fields": {
    "payment_from": "5bfef92e-910c-4ad8-a1a9-67f841456640",
    "payment_to": "37b0dacc-af2b-4487-ab7d-3ecec789984b",
    "amount": "10.00",
    "expense": "3b5e9b3e-fcf6-4af3-b2ea-bbbe6b12f593"
  }
},
{
  "model": "expenses.ledger",
  "pk": "a123577b-0af5-448b-861e-187e7750e69e",
  "fields": {
    "payment_from": "753ab5e3-f1d7-47a2-a814-fb12ab6f5def",
    "payment_to": "37b0dacc-af2b-4487-ab7d-3ecec789984b",
    "amount": "10.00",
    "expense": "b422b07e-6d62-47b4-bb9b-7eaea5866131"
  }
},
{
  "model": "expenses.ledger",
  "pk": "d30e0419-4273-4415-8f9f-46de6ed660aa",
  "fields": {
    "payment_from": "f1f9712c-114b-413c-aca6-29ce6af8eea4",
    "payment_to": "753ab5e3-f1d7-47a2-a814-fb12ab6f5def",
    "amount": "20.00",
    "expense": "f6a2b3b2-0c40-480b-b987-59982e6dc659"
  }
},
{
  "model": "expenses.ledger",
  "pk": "d5daa24d-7f72-4265-b8c4-f8dadb61d44a",
  "fields": {
    "payment_from": "753ab5e3-f1d7-47a2-a814-fb12ab6f5def",
    "payment_to": "5bfef92e-910c-4ad8-a1a9-67f841456640",
    "amount": "5.00",
    "expense": "b422b07e-6d62-47b4-bb9b-7eaea5866131"
  }
},
{
  "model": "expenses.ledger",
  "pk": "e063cd16-c73d-473f-b891-8eed96f64a57",
  "fields": {
    "payment_from": "5bfef92e-910c-4ad8-a1a9-67f841456640",
    "payment_to": "753ab5e3-f1d7-47a2-a814-fb12ab6f5def",
    "amount": "10.00",
    "expense": "3b5e9b3e-fcf6-4af3-b2ea-bbbe6b12f593"
  }
},
{
  "model": "expenses.activity",
  "pk": 1,
  "fields": {
    "record_ref": "2c1cbe62-1122-4532-868f-5630080bd8b2",
    "activity_type": "expense_created",
    "creator": "753ab5e3-f1d7-47a2-a814-fb12ab6f5def"
  }
},
{
  "model": "expenses.activity",
  "pk": 2,
  "fields": {
    "record_ref": "2c1cbe62-1122-4532-868f-5630080bd8b2",
    "activity_type": "expense_updated",
    "creator": "753ab5e3-f1d7-47a2-a814-fb12ab6f5def"
  }
},
{
  "model": "expenses.activity",
  "pk": 3,
  "fields": {
    "record_ref": "2c1cbe62-1122-4532-868f-5630080bd8b2",
    "activity_type": "expense_updated",
    "creator": "753ab5e3-f1d7-47a2-a814-fb12ab6f5def"
  }
},
{
  "model": "expenses.activity",
  "pk": 4,
  "fields": {
    "record_ref": "2c1cbe62-1122-4532-868f-5630080bd8b2",
    "activity_type": "expense_updated",
    "creator": "753ab5e3-f1d7-47a2-a814-fb12ab6f5def"
  }
},
{
  "model": "expenses.activity",
  "pk": 5,
  "fields": {
    "record_ref": "2c1cbe62-1122-4532-868f-5630080bd8b2",
    "activity_type": "expense_updated",
    "creator": "753ab5e3-f1d7-47a2-a814-fb12ab6f5def"
  }
},
{
  "model": "expenses.activity",
  "pk": 6,
  "fields": {
    "record_ref": "2c1cbe62-1122-4532-868f-5630080bd8b2",
    "activity_type": "expense_updated",
    "creator": "753ab5e3-f1d7-47a2-a814-fb12ab6f5def"
  }
},
{
  "model": "expenses.activity",
  "pk": 7,
  "fields": {
    "record_ref": "2c1cbe62-1122-4532-868f-5630080bd8b2",
    "activity_type": "expense_updated",
    "creator": "753ab5e3-f1d7-47a2-a814-fb12ab6f5def"
  }
},
{
  "model": "expenses.activity",
  "pk": 8,
  "fields": {
    "record_ref": "2c1cbe62-1122-4532-868f-5630080bd8b2",
    "activity_type": "expense_updated",
    "creator": "753ab5e3-f1d7-47a2-a814-fb12ab6f5def"
  }
},
{
  "model": "expenses.activity",
  "pk": 9,
  "fields": {
    "record_ref": "62da6ffb-3d3f-48cf-b29a-002b5df72b25",
    "activity_type": "expense_created",
    "creator": "753ab5e3-f1d7-47a2-a814-fb12ab6f5def"
  }
},
{
  "model": "expenses.activity",
  "pk": 10,
  "fields": {
    "record_ref": "62da6ffb-3d3f-48cf-b29a-002b5df72b25",
    "activity_type": "expense_updated",
    "creator": "753ab5e3-f1d7-47a2-a814-fb12ab6f5def"
  }
},
{
  "model": "expenses.activity",
  "pk": 11,
  "fields": {
    "record_ref": "8b06b10b-25a9-4fa3-b1cf-fbf24985640c",
    "activity_type": "expense_created",
    "creator": "753ab5e3-f1d7-47a2-a814-fb12ab6f5def"
  }
},
{
  "model": "expenses.activity",
  "pk": 12,
  "fields": {
    "record_ref": "9590e9b3-24a0-4c81-a6d9-96f6a4779dba",
    "activity_type": "expense_created",
    "creator": "753ab5e3-f1d7-47a2-a814-fb12ab6f5def"
  }
},
{
  "model": "expenses.activity",
  "pk": 13,
  "fields": {
    "record_ref": "9590e9b3-24a0-4c81-a6d9-96f6a4779dba",
    "activity_type": "expense_updated",
    "creator": "753ab5e3-f1d7-47a2-a814-fb12ab6f5def"
  }
},
{
  "model": "expenses.activity",
  "pk": 14,
  "fields": {
    "record_ref": "9590e9b3-24a0-4c81-a6d9-96f6a4779dba",
    "activity_type": "expense_updated",
    "creator": "753ab5e3-f1d7-47a2-a814-fb12ab6f5def"
  }
},
{
  "model": "expenses.activity",
  "pk": 15,
  "fields": {
    "record_ref": "9590e9b3-24a0-4c81-a6d9-96f6a4779dba",
    "activity_type": "expense_updated",
    "creator": "753ab5e3-f1d7-47a2-a814-fb12ab6f5def"
  }
},
{
  "model": "expenses.activity",
  "pk": 16,
  "fields": {
    "record_ref": "9590e9b3-24a0-4c81-a6d9-96f6a4779dba",
    "activity_type": "expense_updated",
    "creator": "753ab5e3-f1d7-47a2-a814-fb12ab6f5def"
  }
},
{
  "model": "expenses.activity",
  "pk": 17,
  "fields": {
    "record_ref": "9590e9b3-24a0-4c81-a6d9-96f6a4779dba",
    "activity_type": "expense_updated",
    "creator": "753ab5e3-f1d7-47a2-a814-fb12ab6f5def"
  }
},
{
  "model": "expenses.activity",
  "pk": 18,
  "fields": {
    "record_ref": "9590e9b3-24a0-4c81-a6d9-96f6a4779dba",
    "activity_type": "expense_updated",
    "creator": "753ab5e3-f1d7-47a2-a814-fb12ab6f5def"
  }
},
{
  "model": "expenses.activity",
  "pk": 19,
  "fields": {
    "record_ref": "9590e9b3-24a0-4c81-a6d9-96f6a4779dba",
    "activity_type": "expense_updated",
    "creator": "753ab5e3-f1d7-47a2-a814-fb12ab6f5def"
  }
},
{
  "model": "expenses.activity",
  "pk": 20,
  "fields": {
    "record_ref": "9590e9b3-24a0-4c81-a6d9-96f6a4779dba",
    "activity_type": "expense_updated",
    "creator": "753ab5e3-f1d7-47a2-a814-fb12ab6f5def"
  }
},
{
  "model": "expenses.activity",
  "pk": 21,
  "fields": {
    "record_ref": "9590e9b3-24a0-4c81-a6d9-96f6a4779dba",
    "activity_type": "expense_updated",
    "creator": "753ab5e3-f1d7-47a2-a814-fb12ab6f5def"
  }
},
{
  "model": "expenses.activity",
  "pk": 22,
  "fields": {
    "record_ref": "9590e9b3-24a0-4c81-a6d9-96f6a4779dba",
    "activity_type": "expense_updated",
    "creator": "753ab5e3-f1d7-47a2-a814-fb12ab6f5def"
  }
},
{
  "model": "expenses.activity",
  "pk": 23,
  "fields": {
    "record_ref": "69a71222-489d-483a-9466-72995dfaec0b",
    "activity_type": "expense_created",
    "creator": "753ab5e3-f1d7-47a2-a814-fb12ab6f5def"
  }
},
{
  "model": "expenses.activity",
  "pk": 24,
  "fields": {
    "record_ref": "69a71222-489d-483a-9466-72995dfaec0b",
    "activity_type": "expense_updated",
    "creator": "753ab5e3-f1d7-47a2-a814-fb12ab6f5def"
  }
},
{
  "model": "expenses.activity",
  "pk": 25,
  "fields": {
    "record_ref": "69a71222-489d-483a-9466-72995dfaec0b",
    "activity_type": "expense_updated",
    "creator": "753ab5e3-f1d7-47a2-a814-fb12ab6f5def"
  }
},
{
  "model": "expenses.activity",
  "pk": 26,
  "fields": {
    "record_ref": "69a71222-489d-483a-9466-72995dfaec0b",
    "activity_type": "expense_updated",
    "creator": "753ab5e3-f1d7-47a2-a814-fb12ab6f5def"
  }
},
{
  "model": "expenses.activity",
  "pk": 27,
  "fields": {
    "record_ref": "69a71222-489d-483a-9466-72995dfaec0b",
    "activity_type": "expense_updated",
    "creator": "753ab5e3-f1d7-47a2-a814-fb12ab6f5def"
  }
},
{
  "model": "expenses.activity",
  "pk": 28,
  "fields": {
    "record_ref": "bd7ea3c3-80fb-4ba2-a399-c88f16fb827b",
    "activity_type": "expense_created",
    "creator": "753ab5e3-f1d7-47a2-a814-fb12ab6f5def"
  }
},
{
  "model": "expenses.activity",
  "pk": 29,
  "fields": {
    "record_ref": "bd7ea3c3-80fb-4ba2-a399-c88f16fb827b",
    "activity_type": "expense_updated",
    "creator": "753ab5e3-f1d7-47a2-a814-fb12ab6f5def"
  }
},
{
  "model": "expenses.activity",
  "pk": 30,
  "fields": {
    "record_ref": "bd7ea3c3-80fb-4ba2-a399-c88f16fb827b",
    "activity_type": "expense_updated",
    "creator": "753ab5e3-f1d7-47a2-a814-fb12ab6f5def"
  }
},
{
  "model": "expenses.activity",
  "pk": 31,
  "fields": {
    "record_ref": "b422b07e-6d62-47b4-bb9b-7eaea5866131",
    "activity_type": "expense_created",
    "creator": "753ab5e3-f1d7-47a2-a814-fb12ab6f5def"
  }
},
{
  "model": "expenses.activity",
  "pk": 32,
  "fields": {
    "record_ref": "19f3648b-8232-4c21-be98-3aa2b34b011a",
    "activity_type": "expense_created",
    "creator": "753ab5e3-f1d7-47a2-a814-fb12ab6f5def"
  }
},
{
  "model": "expenses.activity",
  "pk": 33,
  "fields": {
    "record_ref": "3b5e9b3e-fcf6-4af3-b2ea-bbbe6b12f593",
    "activity_type": "expense_created",
    "creator": "5bfef92e-910c-4ad8-a1a9-67f841456640"
  }
},
{
  "model": "expenses.activity",
  "pk": 34,
  "fields": {
    "record_ref": "f6a2b3b2-0c40-480b-b987-59982e6dc659",
    "activity_type": "expense_created",
    "creator": "5bfef92e-910c-4ad8-a1a9-67f841456640"
  }
},
{
  "model": "expenses.userinvolvedactivity",
  "pk": 1,
  "fields": {
    "activity": 1,
    "related_user": "753ab5e3-f1d7-47a2-a814-fb12ab6f5def"
  }
},
{
  "model": "expenses.userinvolvedactivity",
  "pk": 2,
  "fields": {
    "activity": 1,
    "related_user": "5bfef92e-910c-4ad8-a1a9-67f841456640"
  }
},
{
  "model": "expenses.userinvolvedactivity",
  "pk": 3,
  "fields": {
    "activity": 1,
    "related_user": "37b0dacc-af2b-4487-ab7d-3ecec789984b"
  }
},
{
  "model": "expenses.userinvolvedactivity",
  "pk": 4,
  "fields": {
    "activity": 2,
    "related_user": "753ab5e3-f1d7-47a2-a814-fb12ab6f5def"
  }
},
{
  "model": "expenses.userinvolvedactivity",
  "pk": 5,
  "fields": {
    "activity": 2,
    "related_user": "5bfef92e-910c-4ad8-a1a9-67f841456640"
  }
},
{
  "model": "expenses.userinvolvedactivity",
  "pk": 6,
  "fields": {
    "activity": 2,
    "related_user": "37b0dacc-af2b-4487-ab7d-3ecec789984b"
  }
},
{
  "model": "expenses.userinvolvedactivity",
  "pk": 7,
  "fields": {
    "activity": 2,
    "related_user": "753ab5e3-f1d7-47a2-a814-fb12ab6f5def"
  }
},
{
  "model": "expenses.userinvolvedactivity",
  "pk": 8,
  "fields": {
    "activity": 2,
    "related_user": "5bfef92e-910c-4ad8-a1a9-67f841456640"
  }
},
{
  "model": "expenses.userinvolvedactivity",
  "pk": 9,
  "fields": {
    "activity": 2,
    "related_user": "37b0dacc-af2b-4487-ab7d-3ecec789984b"
  }
},
{
  "model": "expenses.userinvolvedactivity",
  "pk": 10,
  "fields": {
    "activity": 3,
    "related_user": "753ab5e3-f1d7-47a2-a814-fb12ab6f5def"
  }
},
{
  "model": "expenses.userinvolvedactivity",
  "pk": 11,
  "fields": {
    "activity": 3,
    "related_user": "5bfef92e-910c-4ad8-a1a9-67f841456640"
  }
},
{
  "model": "expenses.userinvolvedactivity",
  "pk": 12,
  "fields": {
    "activity": 3,
    "related_user": "37b0dacc-af2b-4487-ab7d-3ecec789984b"
  }
},
{
  "model": "expenses.userinvolvedactivity",
  "pk": 13,
  "fields": {
    "activity": 3,
    "related_user": "753ab5e3-f1d7-47a2-a814-fb12ab6f5def"
  }
},
{
  "model": "expenses.userinvolvedactivity",
  "pk": 14,
  "fields": {
    "activity": 3,
    "related_user": "5bfef92e-910c-4ad8-a1a9-67f841456640"
  }
},
{
  "model": "expenses.userinvolvedactivity",
  "pk": 15,
  "fields": {
    "activity": 3,
    "related_user": "37b0dacc-af2b-4487-ab7d-3ecec789984b"
  }
},
{
  "model": "expenses.userinvolvedactivity",
  "pk": 16,
  "fields": {
    "activity": 3,
    "related_user": "753ab5e3-f1d7-47a2-a814-fb12ab6f5def"
  }
},
{
  "model": "expenses.userinvolvedactivity",
  "pk": 17,
  "fields": {
    "activity": 3,
    "related_user": "5bfef92e-910c-4ad8-a1a9-67f841456640"
  }
},
{
  "model": "expenses.userinvolvedactivity",
  "pk": 18,
  "fields": {
    "activity": 3,
    "related_user": "37b0dacc-af2b-4487-ab7d-3ecec789984b"
  }
},
{
  "model": "expenses.userinvolvedactivity",
  "pk": 19,
  "fields": {
    "activity": 4,
    "related_user": "753ab5e3-f1d7-47a2-a814-fb12ab6f5def"
  }
},
{
  "model": "expenses.userinvolvedactivity",
  "pk": 20,
  "fields": {
    "activity": 4,
    "related_user": "5bfef92e-910c-4ad8-a1a9-67f841456640"
  }
},
{
  "model": "expenses.userinvolvedactivity",
  "pk": 21,
  "fields": {
    "activity": 4,
    "related_user": "37b0dacc-af2b-4487-ab7d-3ecec789984b"
  }
},
{
  "model": "expenses.userinvolvedactivity",
  "pk": 22,
  "fields": {
    "activity": 4,
    "related_user": "753ab5e3-f1d7-47a2-a814-fb12ab6f5def"
  }
},
{
  "model": "expenses.userinvolvedactivity",
  "pk": 23,
  "fields": {
    "activity": 4,
    "related_user": "5bfef92e-910c-4ad8-a1a9-67f841456640"
  }
},
{
  "model": "expenses.userinvolvedactivity",
  "pk": 24,
  "fields": {
    "activity": 4,
    "related_user": "37b0dacc-af2b-4487-ab7d-3ecec789984b"
  }
},
{
  "model": "expenses.userinvolvedactivity",
  "pk": 25,
  "fields": {
    "activity": 4,
    "related_user": "753ab5e3-f1d7-47a2-a814-fb12ab6f5def"
  }
},
{
  "model": "expenses.userinvolvedactivity",
  "pk": 26,
  "fields": {
    "activity": 4,
    "related_user": "5bfef92e-910c-4ad8-a1a9-67f841456640"
  }
},
{
  "model": "expenses.userinvolvedactivity",
  "pk": 27,
  "fields": {
    "activity": 4,
    "related_user": "37b0dacc-af2b-4487-ab7d-3ecec789984b"
  }
},
{
  "model": "expenses.userinvolvedactivity",
  "pk": 28,
  "fields": {
    "activity": 4,
    "related_user": "753ab5e3-f1d7-47a2-a814-fb12ab6f5def"
  }
},
{
  "model": "expenses.userinvolvedactivity",
  "pk": 29,
  "fields": {
    "activity": 4,
    "related_user": "5bfef92e-910c-4ad8-a1a9-67f841456640"
  }
},
{
  "model": "expenses.userinvolvedactivity",
  "pk": 30,
  "fields": {
    "activity": 4,
    "related_user": "37b0dacc-af2b-4487-ab7d-3ecec789984b"
  }
},
{
  "model": "expenses.userinvolvedactivity",
  "pk": 31,
  "fields": {
    "activity": 5,
    "related_user": "753ab5e3-f1d7-47a2-a814-fb12ab6f5def"
  }
},
{
  "model": "expenses.userinvolvedactivity",
  "pk": 32,
  "fields": {
    "activity": 5,
    "related_user": "5bfef92e-910c-4ad8-a1a9-67f841456640"
  }
},
{
  "model": "expenses.userinvolvedactivity",
  "pk": 33,
  "fields": {
    "activity": 5,
    "related_user": "37b0dacc-af2b-4487-ab7d-3ecec789984b"
  }
},
{
  "model": "expenses.userinvolvedactivity",
  "pk": 34,
  "fields": {
    "activity": 5,
    "related_user": "753ab5e3-f1d7-47a2-a814-fb12ab6f5def"
  }
},
{
  "model": "expenses.userinvolvedactivity",
  "pk": 35,
  "fields": {
    "activity": 5,
    "related_user": "5bfef92e-910c-4ad8-a1a9-67f841456640"
  }
},
{
  "model": "expenses.userinvolvedactivity",
  "pk": 36,
  "fields": {
    "activity": 5,
    "related_user": "37b0dacc-af2b-4487-ab7d-3ecec789984b"
  }
},
{
  "model": "expenses.userinvolvedactivity",
  "pk": 37,
  "fields": {
    "activity": 5,
    "related_user": "753ab5e3-f1d7-47a2-a814-fb12ab6f5def"
  }
},
{
  "model": "expenses.userinvolvedactivity",
  "pk": 38,
  "fields": {
    "activity": 5,
    "related_user": "5bfef92e-910c-4ad8-a1a9-67f841456640"
  }
},
{
  "model": "expenses.userinvolvedactivity",
  "pk": 39,
  "fields": {
    "activity": 5,
    "related_user": "37b0dacc-af2b-4487-ab7d-3ecec789984b"
  }
},
{
  "model": "expenses.userinvolvedactivity",
  "pk": 40,
  "fields": {
    "activity": 5,
    "related_user": "753ab5e3-f1d7-47a2-a814-fb12ab6f5def"
  }
},
{
  "model": "expenses.userinvolvedactivity",
  "pk": 41,
  "fields": {
    "activity": 5,
    "related_user": "5bfef92e-910c-4ad8-a1a9-67f841456640"
  }
},
{
  "model": "expenses.userinvolvedactivity",
  "pk": 42,
  "fields": {
    "activity": 5,
    "related_user": "37b0dacc-af2b-4487-ab7d-3ecec789984b"
  }
},
{
  "model": "expenses.userinvolvedactivity",
  "pk": 43,
  "fields": {
    "activity": 5,
    "related_user": "753ab5e3-f1d7-47a2-a814-fb12ab6f5def"
  }
},
{
  "model": "expenses.userinvolvedactivity",
  "pk": 44,
  "fields": {
    "activity": 5,
    "related_user": "5bfef92e-910c-4ad8-a1a9-67f841456640"
  }
},
{
  "model": "expenses.userinvolvedactivity",
  "pk": 45,
  "fields": {
    "activity": 5,
    "related_user": "37b0dacc-af2b-4487-ab7d-3ecec789984b"
  }
},
{
  "model": "expenses.userinvolvedactivity",
  "pk": 46,
  "fields": {
    "activity": 6,
    "related_user": "753ab5e3-f1d7-47a2-a814-fb12ab6f5def"
  }
},
{
  "model": "expenses.userinvolvedactivity",
  "pk": 47,
  "fields": {
    "activity": 6,
    "related_user": "5bfef92e-910c-4ad8-a1a9-67f841456640"
  }
},
{
  "model": "expenses.userinvolvedactivity",
  "pk": 48,
  "fields": {
    "activity": 6,
    "related_user": "37b0dacc-af2b-4487-ab7d-3ecec789984b"
  }
},
{
  "model": "expenses.userinvolvedactivity",
  "pk": 49,
  "fields": {
    "activity": 6,
    "related_user": "753ab5e3-f1d7-47a2-a814-fb12ab6f5def"
  }
},
{
  "model": "expenses.userinvolvedactivity",
  "pk": 50,
  "fields": {
    "activity": 6,
    "related_user": "5bfef92e-910c-4ad8-a1a9-67f841456640"
  }
},
{
  "model": "expenses.userinvolvedactivity",
  "pk": 51,
  "fields": {
    "activity": 6,
    "related_user": "37b0dacc-af2b-4487-ab7d-3ecec789984b"
  }
},
{
  "model": "expenses.userinvolvedactivity",
  "pk": 52,
  "fields": {
    "activity": 6,
    "related_user": "753ab5e3-f1d7-47a2-a814-fb12ab6f5def"
  }
},
{
  "model": "expenses.userinvolvedactivity",
  "pk": 53,
  "fields": {
    "activity": 6,
    "related_user": "5bfef92e-910c-4ad8-a1a9-67f841456640"
  }
},
{
  "model": "expenses.userinvolvedactivity",
  "pk": 54,
  "fields": {
    "activity": 6,
    "related_user": "37b0dacc-af2b-4487-ab7d-3ecec789984b"
  }
},
{
  "model": "expenses.userinvolvedactivity",
  "pk": 55,
  "fields": {
    "activity": 6,
    "related_user": "753ab5e3-f1d7-47a2-a814-fb12ab6f5def"
  }
},
{
  "model": "expenses.userinvolvedactivity",
  "pk": 56,
  "fields": {
    "activity": 6,
    "related_user": "5bfef92e-910c-4ad8-a1a9-67f841456640"
  }
},
{
  "model": "expenses.userinvolvedactivity",
  "pk": 57,
  "fields": {
    "activity": 6,
    "related_user": "37b0dacc-af2b-4487-ab7d-3ecec789984b"
  }
},
{
  "model": "expenses.userinvolvedactivity",
  "pk": 58,
  "fields": {
    "activity": 6,
    "related_user": "753ab5e3-f1d7-47a2-a814-fb12ab6f5def"
  }
},
{
  "model": "expenses.userinvolvedactivity",
  "pk": 59,
  "fields": {
    "activity": 6,
    "related_user": "5bfef92e-910c-4ad8-a1a9-67f841456640"
  }
},
{
  "model": "expenses.userinvolvedactivity",
  "pk": 60,
  "fields": {
    "activity": 6,
    "related_user": "37b0dacc-af2b-4487-ab7d-3ecec789984b"
  }
},
{
  "model": "expenses.userinvolvedactivity",
  "pk": 61,
  "fields": {
    "activity": 6,
    "related_user": "753ab5e3-f1d7-47a2-a814-fb12ab6f5def"
  }
},
{
  "model": "expenses.userinvolvedactivity",
  "pk": 62,
  "fields": {
    "activity": 6,
    "related_user": "5bfef92e-910c-4ad8-a1a9-67f841456640"
  }
},
{
  "model": "expenses.userinvolvedactivity",
  "pk": 63,
  "fields": {
    "activity": 6,
    "related_user": "37b0dacc-af2b-4487-ab7d-3ecec789984b"
  }
},
{
  "model": "expenses.userinvolvedactivity",
  "pk": 64,
  "fields": {
    "activity": 7,
    "related_user": "753ab5e3-f1d7-47a2-a814-fb12ab6f5def"
  }
},
{
  "model": "expenses.userinvolvedactivity",
  "pk": 65,
  "fields": {
    "activity": 7,
    "related_user": "5bfef92e-910c-4ad8-a1a9-67f841456640"
  }
},
{
  "model": "expenses.userinvolvedactivity",
  "pk": 66,
  "fields": {
    "activity": 7,
    "related_user": "37b0dacc-af2b-4487-ab7d-3ecec789984b"
  }
},
{
  "model": "expenses.userinvolvedactivity",
  "pk": 67,
  "fields": {
    "activity": 7,
    "related_user": "753ab5e3-f1d7-47a2-a814-fb12ab6f5def"
  }
},
{
  "model": "expenses.userinvolvedactivity",
  "pk": 68,
  "fields": {
    "activity": 7,
    "related_user": "5bfef92e-910c-4ad8-a1a9-67f841456640"
  }
},
{
  "model": "expenses.userinvolvedactivity",
  "pk": 69,
  "fields": {
    "activity": 7,
    "related_user": "37b0dacc-af2b-4487-ab7d-3ecec789984b"
  }
},
{
  "model": "expenses.userinvolvedactivity",
  "pk": 70,
  "fields": {
    "activity": 7,
    "related_user": "753ab5e3-f1d7-47a2-a814-fb12ab6f5def"
  }
},
{
  "model": "expenses.userinvolvedactivity",
  "pk": 71,
  "fields": {
    "activity": 7,
    "related_user": "5bfef92e-910c-4ad8-a1a9-67f841456640"
  }
},
{
  "model": "expenses.userinvolvedactivity",
  "pk": 72,
  "fields": {
    "activity": 7,
    "related_user": "37b0dacc-af2b-4487-ab7d-3ecec789984b"
  }
},
{
  "model": "expenses.userinvolvedactivity",
  "pk": 73,
  "fields": {
    "activity": 7,
    "related_user": "753ab5e3-f1d7-47a2-a814-fb12ab6f5def"
  }
},
{
  "model": "expenses.userinvolvedactivity",
  "pk": 74,
  "fields": {
    "activity": 7,
    "related_user": "5bfef92e-910c-4ad8-a1a9-67f841456640"
  }
},
{
  "model": "expenses.userinvolvedactivity",
  "pk": 75,
  "fields": {
    "activity": 7,
    "related_user": "37b0dacc-af2b-4487-ab7d-3ecec789984b"
  }
},
{
  "model": "expenses.userinvolvedactivity",
  "pk": 76,
  "fields": {
    "activity": 7,
    "related_user": "753ab5e3-f1d7-47a2-a814-fb12ab6f5def"
  }
},
{
  "model": "expenses.userinvolvedactivity",
  "pk": 77,
  "fields": {
    "activity": 7,
    "related_user": "5bfef92e-910c-4ad8-a1a9-67f841456640"
  }
},
{
  "model": "expenses.userinvolvedactivity",
  "pk": 78,
  "fields": {
    "activity": 7,
    "related_user": "37b0dacc-af2b-4487-ab7d-3ecec789984b"
  }
},
{
  "model": "expenses.userinvolvedactivity",
  "pk": 79,
  "fields": {
    "activity": 7,
    "related_user": "753ab5e3-f1d7-47a2-a814-fb12ab6f5def"
  }
},
{
  "model": "expenses.userinvolvedactivity",
  "pk": 80,
  "fields": {
    "activity": 7,
    "related_user": "5bfef92e-910c-4ad8-a1a9-67f841456640"
  }
},
{
  "model": "expenses.userinvolvedactivity",
  "pk": 81,
  "fields": {
    "activity": 7,
    "related_user": "37b0dacc-af2b-4487-ab7d-3ecec789984b"
  }
},
{
  "model": "expenses.userinvolvedactivity",
  "pk": 82,
  "fields": {
    "activity": 7,
    "related_user": "753ab5e3-f1d7-47a2-a814-fb12ab6f5def"
  }
},
{
  "model": "expenses.userinvolvedactivity",
  "pk": 83,
  "fields": {
    "activity": 7,
    "related_user": "5bfef92e-910c-4ad8-a1a9-67f841456640"
  }
},
{
  "model": "expenses.userinvolvedactivity",
  "pk": 84,
  "fields": {
    "activity": 7,
    "related_user": "37b0dacc-af2b-4487-ab7d-3ecec789984b"
  }
},
{
  "model": "expenses.userinvolvedactivity",
  "pk": 85,
  "fields": {
    "activity": 8,
    "related_user": "753ab5e3-f1d7-47a2-a814-fb12ab6f5def"
  }
},
{
  "model": "expenses.userinvolvedactivity",
  "pk": 86,
  "fields": {
    "activity": 8,
    "related_user": "5bfef92e-910c-4ad8-a1a9-67f841456640"
  }
},
{
  "model": "expenses.userinvolvedactivity",
  "pk": 87,
  "fields": {
    "activity": 8,
    "related_user": "37b0dacc-af2b-4487-ab7d-3ecec789984b"
  }
},
{
  "model": "expenses.userinvolvedactivity",
  "pk": 88,
  "fields": {
    "activity": 8,
    "related_user": "753ab5e3-f1d7-47a2-a814-fb12ab6f5def"
  }
},
{
  "model": "expenses.userinvolvedactivity",
  "pk": 89,
  "fields": {
    "activity": 8,
    "related_user": "5bfef92e-910c-4ad8-a1a9-67f841456640"
  }
},
{
  "model": "expenses.userinvolvedactivity",
  "pk": 90,
  "fields": {
    "activity": 8,
    "related_user": "37b0dacc-af2b-4487-ab7d-3ecec789984b"
  }
},
{
  "model": "expenses.userinvolvedactivity",
  "pk": 91,
  "fields": {
    "activity": 8,
    "related_user": "753ab5e3-f1d7-47a2-a814-fb12ab6f5def"
  }
},
{
  "model": "expenses.userinvolvedactivity",
  "pk": 92,
  "fields": {
    "activity": 8,
    "related_user": "5bfef92e-910c-4ad8-a1a9-67f841456640"
  }
},
{
  "model": "expenses.userinvolvedactivity",
  "pk": 93,
  "fields": {
    "activity": 8,
    "related_user": "37b0dacc-af2b-4487-ab7d-3ecec789984b"
  }
},
{
  "model": "expenses.userinvolvedactivity",
  "pk": 94,
  "fields": {
    "activity": 8,
    "related_user": "753ab5e3-f1d7-47a2-a814-fb12ab6f5def"
  }
},
{
  "model": "expenses.userinvolvedactivity",
  "pk": 95,
  "fields": {
    "activity": 8,
    "related_user": "5bfef92e-910c-4ad8-a1a9-67f841456640"
  }
},
{
  "model": "expenses.userinvolvedactivity",
  "pk": 96,
  "fields": {
    "activity": 8,
    "related_user": "37b0dacc-af2b-4487-ab7d-3ecec789984b"
  }
},
{
  "model": "expenses.userinvolvedactivity",
  "pk": 97,
  "fields": {
    "activity": 8,
    "related_user": "753ab5e3-f1d7-47a2-a814-fb12ab6f5def"
  }
},
{
  "model": "expenses.userinvolvedactivity",
  "pk": 98,
  "fields": {
    "activity": 8,
    "related_user": "5bfef92e-910c-4ad8-a1a9-67f841456640"
  }
},
{
  "model": "expenses.userinvolvedactivity",
  "pk": 99,
  "fields": {
    "activity": 8,
    "related_user": "37b0dacc-af2b-4487-ab7d-3ecec789984b"
  }
},
{
  "model": "expenses.userinvolvedactivity",
  "pk": 100,
  "fields": {
    "activity": 8,
    "related_user": "753ab5e3-f1d7-47a2-a814-fb12ab6f5def"
  }
},
{
  "model": "expenses.userinvolvedactivity",
  "pk": 101,
  "fields": {
    "activity": 8,
    "related_user": "5bfef92e-910c-4ad8-a1a9-67f841456640"
  }
},
{
  "model": "expenses.userinvolvedactivity",
  "pk": 102,
  "fields": {
    "activity": 8,
    "related_user": "37b0dacc-af2b-4487-ab7d-3ecec789984b"
  }
},
{
  "model": "expenses.userinvolvedactivity",
  "pk": 103,
  "fields": {
    "activity": 8,
    "related_user": "753ab5e3-f1d7-47a2-a814-fb12ab6f5def"
  }
},
{
  "model": "expenses.userinvolvedactivity",
  "pk": 104,
  "fields": {
    "activity": 8,
    "related_user": "5bfef92e-910c-4ad8-a1a9-67f841456640"
  }
},
{
  "model": "expenses.userinvolvedactivity",
  "pk": 105,
  "fields": {
    "activity": 8,
    "related_user": "37b0dacc-af2b-4487-ab7d-3ecec789984b"
  }
},
{
  "model": "expenses.userinvolvedactivity",
  "pk": 106,
  "fields": {
    "activity": 8,
    "related_user": "753ab5e3-f1d7-47a2-a814-fb12ab6f5def"
  }
},
{
  "model": "expenses.userinvolvedactivity",
  "pk": 107,
  "fields": {
    "activity": 8,
    "related_user": "5bfef92e-910c-4ad8-a1a9-67f841456640"
  }
},
{
  "model": "expenses.userinvolvedactivity",
  "pk": 108,
  "fields": {
    "activity": 8,
    "related_user": "37b0dacc-af2b-4487-ab7d-3ecec789984b"
  }
},
{
  "model": "expenses.userinvolvedactivity",
  "pk": 109,
  "fields": {
    "activity": 9,
    "related_user": "753ab5e3-f1d7-47a2-a814-fb12ab6f5def"
  }
},
{
  "model": "expenses.userinvolvedactivity",
  "pk": 110,
  "fields": {
    "activity": 9,
    "related_user": "5bfef92e-910c-4ad8-a1a9-67f841456640"
  }
},
{
  "model": "expenses.userinvolvedactivity",
  "pk": 111,
  "fields": {
    "activity": 9,
    "related_user": "37b0dacc-af2b-4487-ab7d-3ecec789984b"
  }
},
{
  "model": "expenses.userinvolvedactivity",
  "pk": 112,
  "fields": {
    "activity": 10,
    "related_user": "753ab5e3-f1d7-47a2-a814-fb12ab6f5def"
  }
},
{
  "model": "expenses.userinvolvedactivity",
  "pk": 113,
  "fields": {
    "activity": 10,
    "related_user": "5bfef92e-910c-4ad8-a1a9-67f841456640"
  }
},
{
  "model": "expenses.userinvolvedactivity",
  "pk": 114,
  "fields": {
    "activity": 10,
    "related_user": "37b0dacc-af2b-4487-ab7d-3ecec789984b"
  }
},
{
  "model": "expenses.userinvolvedactivity",
  "pk": 115,
  "fields": {
    "activity": 10,
    "related_user": "753ab5e3-f1d7-47a2-a814-fb12ab6f5def"
  }
},
{
  "model": "expenses.userinvolvedactivity",
  "pk": 116,
  "fields": {
    "activity": 10,
    "related_user": "5bfef92e-910c-4ad8-a1a9-67f841456640"
  }
},
{
  "model": "expenses.userinvolvedactivity",
  "pk": 117,
  "fields": {
    "activity": 10,
    "related_user": "37b0dacc-af2b-4487-ab7d-3ecec789984b"
  }
},
{
  "model": "expenses.userinvolvedactivity",
  "pk": 118,
  "fields": {
    "activity": 11,
    "related_user": "753ab5e3-f1d7-47a2-a814-fb12ab6f5def"
  }
},
{
  "model": "expenses.userinvolvedactivity",
  "pk": 119,
  "fields": {
    "activity": 11,
    "related_user": "5bfef92e-910c-4ad8-a1a9-67f841456640"
  }
},
{
  "model": "expenses.userinvolvedactivity",
  "pk": 120,
  "fields": {
    "activity": 11,
    "related_user": "37b0dacc-af2b-4487-ab7d-3ecec789984b"
  }
},
{
  "model": "expenses.userinvolvedactivity",
  "pk": 121,
  "fields": {
    "activity": 12,
    "related_user": "753ab5e3-f1d7-47a2-a814-fb12ab6f5def"
  }
},
{
  "model": "expenses.userinvolvedactivity",
  "pk": 122,
  "fields": {
    "activity": 12,
    "related_user": "5bfef92e-910c-4ad8-a1a9-67f841456640"
  }
},
{
  "model": "expenses.userinvolvedactivity",
  "pk": 123,
  "fields": {
    "activity": 12,
    "related_user": "37b0dacc-af2b-4487-ab7d-3ecec789984b"
  }
},
{
  "model": "expenses.userinvolvedactivity",
  "pk": 124,
  "fields": {
    "activity": 13,
    "related_user": "753ab5e3-f1d7-47a2-a814-fb12ab6f5def"
  }
},
{
  "model": "expenses.userinvolvedactivity",
  "pk": 125,
  "fields": {
    "activity": 13,
    "related_user": "5bfef92e-910c-4ad8-a1a9-67f841456640"
  }
},
{
  "model": "expenses.userinvolvedactivity",
  "pk": 126,
  "fields": {
    "activity": 13,
    "related_user": "37b0dacc-af2b-4487-ab7d-3ecec789984b"
  }
},
{
  "model": "expenses.userinvolvedactivity",
  "pk": 127,
  "fields": {
    "activity": 13,
    "related_user": "753ab5e3-f1d7-47a2-a814-fb12ab6f5def"
  }
},
{
  "model": "expenses.userinvolvedactivity",
  "pk": 128,
  "fields": {
    "activity": 13,
    "related_user": "5bfef92e-910c-4ad8-a1a9-67f841456640"
  }
},
{
  "model": "expenses.userinvolvedactivity",
  "pk": 129,
  "fields": {
    "activity": 13,
    "related_user": "37b0dacc-af2b-4487-ab7d-3ecec789984b"
  }
},
{
  "model": "expenses.userinvolvedactivity",
  "pk": 130,
  "fields": {
    "activity": 14,
    "related_user": "753ab5e3-f1d7-47a2-a814-fb12ab6f5def"
  }
},
{
  "model": "expenses.userinvolvedactivity",
  "pk": 131,
  "fields": {
    "activity": 14,
    "related_user": "5bfef92e-910c-4ad8-a1a9-67f841456640"
  }
},
{
  "model": "expenses.userinvolvedactivity",
  "pk": 132,
  "fields": {
    "activity": 14,
    "related_user": "37b0dacc-af2b-4487-ab7d-3ecec789984b"
  }
},
{
  "model": "expenses.userinvolvedactivity",
  "pk": 133,
  "fields": {
    "activity": 14,
    "related_user": "753ab5e3-f1d7-47a2-a814-fb12ab6f5def"
  }
},
{
  "model": "expenses.userinvolvedactivity",
  "pk": 134,
  "fields": {
    "activity": 14,
    "related_user": "5bfef92e-910c-4ad8-a1a9-67f841456640"
  }
},
{
  "model": "expenses.userinvolvedactivity",
  "pk": 135,
  "fields": {
    "activity": 14,
    "related_user": "37b0dacc-af2b-4487-ab7d-3ecec789984b"
  }
},
{
  "model": "expenses.userinvolvedactivity",
  "pk": 136,
  "fields": {
    "activity": 14,
    "related_user": "753ab5e3-f1d7-47a2-a814-fb12ab6f5def"
  }
},
{
  "model": "expenses.userinvolvedactivity",
  "pk": 137,
  "fields": {
    "activity": 14,
    "related_user": "5bfef92e-910c-4ad8-a1a9-67f841456640"
  }
},
{
  "model": "expenses.userinvolvedactivity",
  "pk": 138,
  "fields": {
    "activity": 14,
    "related_user": "37b0dacc-af2b-4487-ab7d-3ecec789984b"
  }
},
{
  "model": "expenses.userinvolvedactivity",
  "pk": 139,
  "fields": {
    "activity": 15,
    "related_user": "753ab5e3-f1d7-47a2-a814-fb12ab6f5def"
  }
},
{
  "model": "expenses.userinvolvedactivity",
  "pk": 140,
  "fields": {
    "activity": 15,
    "related_user": "5bfef92e-910c-4ad8-a1a9-67f841456640"
  }
},
{
  "model": "expenses.userinvolvedactivity",
  "pk": 141,
  "fields": {
    "activity": 15,
    "related_user": "37b0dacc-af2b-4487-ab7d-3ecec789984b"
  }
},
{
  "model": "expenses.userinvolvedactivity",
  "pk": 142,
  "fields": {
    "activity": 15,
    "related_user": "753ab5e3-f1d7-47a2-a814-fb12ab6f5def"
  }
},
{
  "model": "expenses.userinvolvedactivity",
  "pk": 143,
  "fields": {
    "activity": 15,
    "related_user": "5bfef92e-910c-4ad8-a1a9-67f841456640"
  }
},
{
  "model": "expenses.userinvolvedactivity",
  "pk": 144,
  "fields": {
    "activity": 15,
    "related_user": "37b0dacc-af2b-4487-ab7d-3ecec789984b"
  }
},
{
  "model": "expenses.userinvolvedactivity",
  "pk": 145,
  "fields": {
    "activity": 15,
    "related_user": "753ab5e3-f1d7-47a2-a814-fb12ab6f5def"
  }
},
{
  "model": "expenses.userinvolvedactivity",
  "pk": 146,
  "fields": {
    "activity": 15,
    "related_user": "5bfef92e-910c-4ad8-a1a9-67f841456640"
  }
},
{
  "model": "expenses.userinvolvedactivity",
  "pk": 147,
  "fields": {
    "activity": 15,
    "related_user": "37b0dacc-af2b-4487-ab7d-3ecec789984b"
  }
},
{
  "model": "expenses.userinvolvedactivity",
  "pk": 148,
  "fields": {
    "activity": 15,
    "related_user": "753ab5e3-f1d7-47a2-a814-fb12ab6f5def"
  }
},
{
  "model": "expenses.userinvolvedactivity",
  "pk": 149,
  "fields": {
    "activity": 15,
    "related_user": "5bfef92e-910c-4ad8-a1a9-67f841456640"
  }
},
{
  "model": "expenses.userinvolvedactivity",
  "pk": 150,
  "fields": {
    "activity": 15,
    "related_user": "37b0dacc-af2b-4487-ab7d-3ecec789984b"
  }
},
{
  "model": "expenses.userinvolvedactivity",
  "pk": 151,
  "fields": {
    "activity": 16,
    "related_user": "753ab5e3-f1d7-47a2-a814-fb12ab6f5def"
  }
},
{
  "model": "expenses.userinvolvedactivity",
  "pk": 152,
  "fields": {
    "activity": 16,
    "related_user": "5bfef92e-910c-4ad8-a1a9-67f841456640"
  }
},
{
  "model": "expenses.userinvolvedactivity",
  "pk": 153,
  "fields": {
    "activity": 16,
    "related_user": "37b0dacc-af2b-4487-ab7d-3ecec789984b"
  }
},
{
  "model": "expenses.userinvolvedactivity",
  "pk": 154,
  "fields": {
    "activity": 16,
    "related_user": "753ab5e3-f1d7-47a2-a814-fb12ab6f5def"
  }
},
{
  "model": "expenses.userinvolvedactivity",
  "pk": 155,
  "fields": {
    "activity": 16,
    "related_user": "5bfef92e-910c-4ad8-a1a9-67f841456640"
  }
},
{
  "model": "expenses.userinvolvedactivity",
  "pk": 156,
  "fields": {
    "activity": 16,
    "related_user": "37b0dacc-af2b-4487-ab7d-3ecec789984b"
  }
},
{
  "model": "expenses.userinvolvedactivity",
  "pk": 157,
  "fields": {
    "activity": 16,
    "related_user": "753ab5e3-f1d7-47a2-a814-fb12ab6f5def"
  }
},
{
  "model": "expenses.userinvolvedactivity",
  "pk": 158,
  "fields": {
    "activity": 16,
    "related_user": "5bfef92e-910c-4ad8-a1a9-67f841456640"
  }
},
{
  "model": "expenses.userinvolvedactivity",
  "pk": 159,
  "fields": {
    "activity": 16,
    "related_user": "37b0dacc-af2b-4487-ab7d-3ecec789984b"
  }
},
{
  "model": "expenses.userinvolvedactivity",
  "pk": 160,
  "fields": {
    "activity": 16,
    "related_user": "753ab5e3-f1d7-47a2-a814-fb12ab6f5def"
  }
},
{
  "model": "expenses.userinvolvedactivity",
  "pk": 161,
  "fields": {
    "activity": 16,
    "related_user": "5bfef92e-910c-4ad8-a1a9-67f841456640"
  }
},
{
  "model": "expenses.userinvolvedactivity",
  "pk": 162,
  "fields": {
    "activity": 16,
    "related_user": "37b0dacc-af2b-4487-ab7d-3ecec789984b"
  }
},
{
  "model": "expenses.userinvolvedactivity",
  "pk": 163,
  "fields": {
    "activity": 16,
    "related_user": "753ab5e3-f1d7-47a2-a814-fb12ab6f5def"
  }
},
{
  "model": "expenses.userinvolvedactivity",
  "pk": 164,
  "fields": {
    "activity": 16,
    "related_user": "5bfef92e-910c-4ad8-a1a9-67f841456640"
  }
},
{
  "model": "expenses.userinvolvedactivity",
  "pk": 165,
  "fields": {
    "activity": 16,
    "related_user": "37b0dacc-af2b-4487-ab7d-3ecec789984b"
  }
},
{
  "model": "expenses.userinvolvedactivity",
  "pk": 166,
  "fields": {
    "activity": 17,
    "related_user": "753ab5e3-f1d7-47a2-a814-fb12ab6f5def"
  }
},
{
  "model": "expenses.userinvolvedactivity",
  "pk": 167,
  "fields": {
    "activity": 17,
    "related_user": "5bfef92e-910c-4ad8-a1a9-67f841456640"
  }
},
{
  "model": "expenses.userinvolvedactivity",
  "pk": 168,
  "fields": {
    "activity": 17,
    "related_user": "37b0dacc-af2b-4487-ab7d-3ecec789984b"
  }
},
{
  "model": "expenses.userinvolvedactivity",
  "pk": 169,
  "fields": {
    "activity": 17,
    "related_user": "753ab5e3-f1d7-47a2-a814-fb12ab6f5def"
  }
},
{
  "model": "expenses.userinvolvedactivity",
  "pk": 170,
  "fields": {
    "activity": 17,
    "related_user": "5bfef92e-910c-4ad8-a1a9-67f841456640"
  }
},
{
  "model": "expenses.userinvolvedactivity",
  "pk": 171,
  "fields": {
    "activity": 17,
    "related_user": "37b0dacc-af2b-4487-ab7d-3ecec789984b"
  }
},
{
  "model": "expenses.userinvolvedactivity",
  "pk": 172,
  "fields": {
    "activity": 17,
    "related_user": "753ab5e3-f1d7-47a2-a814-fb12ab6f5def"
  }
},
{
  "model": "expenses.userinvolvedactivity",
  "pk": 173,
  "fields": {
    "activity": 17,
    "related_user": "5bfef92e-910c-4ad8-a1a9-67f841456640"
  }
},
{
  "model": "expenses.userinvolvedactivity",
  "pk": 174,
  "fields": {
    "activity": 17,
    "related_user": "37b0dacc-af2b-4487-ab7d-3ecec789984b"
  }
},
{
  "model": "expenses.userinvolvedactivity",
  "pk": 175,
  "fields": {
    "activity": 17,
    "related_user": "753ab5e3-f1d7-47a2-a814-fb12ab6f5def"
  }
},
{
  "model": "expenses.userinvolvedactivity",
  "pk": 176,
  "fields": {
    "activity": 17,
    "related_user": "5bfef92e-910c-4ad8-a1a9-67f841456640"
  }
},
{
  "model": "expenses.userinvolvedactivity",
  "pk": 177,
  "fields": {
    "activity": 17,
    "related_user": "37b0dacc-af2b-4487-ab7d-3ecec789984b"
  }
},
{
  "model": "expenses.userinvolvedactivity",
  "pk": 178,
  "fields": {
    "activity": 17,
    "related_user": "753ab5e3-f1d7-47a2-a814-fb12ab6f5def"
  }
},
{
  "model": "expenses.userinvolvedactivity",
  "pk": 179,
  "fields": {
    "activity": 17,
    "related_user": "5bfef92e-910c-4ad8-a1a9-67f841456640"
  }
},
{
  "model": "expenses.userinvolvedactivity",
  "pk": 180,
  "fields": {
    "activity": 17,
    "related_user": "37b0dacc-af2b-4487-ab7d-3ecec789984b"
  }
},
{
  "model": "expenses.userinvolvedactivity",
  "pk": 181,
  "fields": {
    "activity": 17,
    "related_user": "753ab5e3-f1d7-47a2-a814-fb12ab6f5def"
  }
},
{
  "model": "expenses.userinvolvedactivity",
  "pk": 182,
  "fields": {
    "activity": 17,
    "related_user": "5bfef92e-910c-4ad8-a1a9-67f841456640"
  }
},
{
  "model": "expenses.userinvolvedactivity",
  "pk": 183,
  "fields": {
    "activity": 17,
    "related_user": "37b0dacc-af2b-4487-ab7d-3ecec789984b"
  }
},
{
  "model": "expenses.userinvolvedactivity",
  "pk": 184,
  "fields": {
    "activity": 18,
    "related_user": "753ab5e3-f1d7-47a2-a814-fb12ab6f5def"
  }
},
{
  "model": "expenses.userinvolvedactivity",
  "pk": 185,
  "fields": {
    "activity": 18,
    "related_user": "5bfef92e-910c-4ad8-a1a9-67f841456640"
  }
},
{
  "model": "expenses.userinvolvedactivity",
  "pk": 186,
  "fields": {
    "activity": 18,
    "related_user": "37b0dacc-af2b-4487-ab7d-3ecec789984b"
  }
},
{
  "model": "expenses.userinvolvedactivity",
  "pk": 187,
  "fields": {
    "activity": 18,
    "related_user": "753ab5e3-f1d7-47a2-a814-fb12ab6f5def"
  }
},
{
  "model": "expenses.userinvolvedactivity",
  "pk": 188,
  "fields": {
    "activity": 18,
    "related_user": "5bfef92e-910c-4ad8-a1a9-67f841456640"
  }
},
{
  "model": "expenses.userinvolvedactivity",
  "pk": 189,
  "fields": {
    "activity": 18,
    "related_user": "37b0dacc-af2b-4487-ab7d-3ecec789984b"
  }
},
{
  "model": "expenses.userinvolvedactivity",
  "pk": 190,
  "fields": {
    "activity": 18,
    "related_user": "753ab5e3-f1d7-47a2-a814-fb12ab6f5def"
  }
},
{
  "model": "expenses.userinvolvedactivity",
  "pk": 191,
  "fields": {
    "activity": 18,
    "related_user": "5bfef92e-910c-4ad8-a1a9-67f841456640"
  }
},
{
  "model": "expenses.userinvolvedactivity",
  "pk": 192,
  "fields": {
    "activity": 18,
    "related_user": "37b0dacc-af2b-4487-ab7d-3ecec789984b"
  }
},
{
  "model": "expenses.userinvolvedactivity",
  "pk": 193,
  "fields": {
    "activity": 18,
    "related_user": "753ab5e3-f1d7-47a2-a814-fb12ab6f5def"
  }
},
{
  "model": "expenses.userinvolvedactivity",
  "pk": 194,
  "fields": {
    "activity": 18,
    "related_user": "5bfef92e-910c-4ad8-a1a9-67f841456640"
  }
},
{
  "model": "expenses.userinvolvedactivity",
  "pk": 195,
  "fields": {
    "activity": 18,
    "related_user": "37b0dacc-af2b-4487-ab7d-3ecec789984b"
  }
},
{
  "model": "expenses.userinvolvedactivity",
  "pk": 196,
  "fields": {
    "activity": 18,
    "related_user": "753ab5e3-f1d7-47a2-a814-fb12ab6f5def"
  }
},
{
  "model": "expenses.userinvolvedactivity",
  "pk": 197,
  "fields": {
    "activity": 18,
    "related_user": "5bfef92e-910c-4ad8-a1a9-67f841456640"
  }
},
{
  "model": "expenses.userinvolvedactivity",
  "pk": 198,
  "fields": {
    "activity": 18,
    "related_user": "37b0dacc-af2b-4487-ab7d-3ecec789984b"
  }
},
{
  "model": "expenses.userinvolvedactivity",
  "pk": 199,
  "fields": {
    "activity": 18,
    "related_user": "753ab5e3-f1d7-47a2-a814-fb12ab6f5def"
  }
},
{
  "model": "expenses.userinvolvedactivity",
  "pk": 200,
  "fields": {
    "activity": 18,
    "related_user": "5bfef92e-910c-4ad8-a1a9-67f841456640"
  }
},
{
  "model": "expenses.userinvolvedactivity",
  "pk": 201,
  "fields": {
    "activity": 18,
    "related_user": "37b0dacc-af2b-4487-ab7d-3ecec789984b"
  }
},
{
  "model": "expenses.userinvolvedactivity",
  "pk": 202,
  "fields": {
    "activity": 18,
    "related_user": "753ab5e3-f1d7-47a2-a814-fb12ab6f5def"
  }
},
{
  "model": "expenses.userinvolvedactivity",
  "pk": 203,
  "fields": {
    "activity": 18,
    "related_user": "5bfef92e-910c-4ad8-a1a9-67f841456640"
  }
},
{
  "model": "expenses.userinvolvedactivity",
  "pk": 204,
  "fields": {
    "activity": 18,
    "related_user": "37b0dacc-af2b-4487-ab7d-3ecec789984b"
  }
},
{
  "model": "expenses.userinvolvedactivity",
  "pk": 205,
  "fields": {
    "activity": 19,
    "related_user": "753ab5e3-f1d7-47a2-a814-fb12ab6f5def"
  }
},
{
  "model": "expenses.userinvolvedactivity",
  "pk": 206,
  "fields": {
    "activity": 19,
    "related_user": "5bfef92e-910c-4ad8-a1a9-67f841456640"
  }
},
{
  "model": "expenses.userinvolvedactivity",
  "pk": 207,
  "fields": {
    "activity": 19,
    "related_user": "37b0dacc-af2b-4487-ab7d-3ecec789984b"
  }
},
{
  "model": "expenses.userinvolvedactivity",
  "pk": 208,
  "fields": {
    "activity": 19,
    "related_user": "753ab5e3-f1d7-47a2-a814-fb12ab6f5def"
  }
},
{
  "model": "expenses.userinvolvedactivity",
  "pk": 209,
  "fields": {
    "activity": 19,
    "related_user": "5bfef92e-910c-4ad8-a1a9-67f841456640"
  }
},
{
  "model": "expenses.userinvolvedactivity",
  "pk": 210,
  "fields": {
    "activity": 19,
    "related_user": "37b0dacc-af2b-4487-ab7d-3ecec789984b"
  }
},
{
  "model": "expenses.userinvolvedactivity",
  "pk": 211,
  "fields": {
    "activity": 19,
    "related_user": "753ab5e3-f1d7-47a2-a814-fb12ab6f5def"
  }
},
{
  "model": "expenses.userinvolvedactivity",
  "pk": 212,
  "fields": {
    "activity": 19,
    "related_user": "5bfef92e-910c-4ad8-a1a9-67f841456640"
  }
},
{
  "model": "expenses.userinvolvedactivity",
  "pk": 213,
  "fields": {
    "activity": 19,
    "related_user": "37b0dacc-af2b-4487-ab7d-3ecec789984b"
  }
},
{
  "model": "expenses.userinvolvedactivity",
  "pk": 214,
  "fields": {
    "activity": 19,
    "related_user": "753ab5e3-f1d7-47a2-a814-fb12ab6f5def"
  }
},
{
  "model": "expenses.userinvolvedactivity",
  "pk": 215,
  "fields": {
    "activity": 19,
    "related_user": "5bfef92e-910c-4ad8-a1a9-67f841456640"
  }
},
{
  "model": "expenses.userinvolvedactivity",
  "pk": 216,
  "fields": {
    "activity": 19,
    "related_user": "37b0dacc-af2b-4487-ab7d-3ecec789984b"
  }
},
{
  "model": "expenses.userinvolvedactivity",
  "pk": 217,
  "fields": {
    "activity": 19,
    "related_user": "753ab5e3-f1d7-47a2-a814-fb12ab6f5def"
  }
},
{
  "model": "expenses.userinvolvedactivity",
  "pk": 218,
  "fields": {
    "activity": 19,
    "related_user": "5bfef92e-910c-4ad8-a1a9-67f841456640"
  }
},
{
  "model": "expenses.userinvolvedactivity",
  "pk": 219,
  "fields": {
    "activity": 19,
    "related_user": "37b0dacc-af2b-4487-ab7d-3ecec789984b"
  }
},
{
  "model": "expenses.userinvolvedactivity",
  "pk": 220,
  "fields": {
    "activity": 19,
    "related_user": "753ab5e3-f1d7-47a2-a814-fb12ab6f5def"
  }
},
{
  "model": "expenses.userinvolvedactivity",
  "pk": 221,
  "fields": {
    "activity": 19,
    "related_user": "5bfef92e-910c-4ad8-a1a9-67f841456640"
  }
},
{
  "model": "expenses.userinvolvedactivity",
  "pk": 222,
  "fields": {
    "activity": 19,
    "related_user": "37b0dacc-af2b-4487-ab7d-3ecec789984b"
  }
},
{
  "model": "expenses.userinvolvedactivity",
  "pk": 223,
  "fields": {
    "activity": 19,
    "related_user": "753ab5e3-f1d7-47a2-a814-fb12ab6f5def"
  }
},
{
  "model": "expenses.userinvolvedactivity",
  "pk": 224,
  "fields": {
    "activity": 19,
    "related_user": "5bfef92e-910c-4ad8-a1a9-67f841456640"
  }
},
{
  "model": "expenses.userinvolvedactivity",
  "pk": 225,
  "fields": {
    "activity": 19,
    "related_user": "37b0dacc-af2b-4487-ab7d-3ecec789984b"
  }
},
{
  "model": "expenses.userinvolvedactivity",
  "pk": 226,
  "fields": {
    "activity": 19,
    "related_user": "753ab5e3-f1d7-47a2-a814-fb12ab6f5def"
  }
},
{
  "model": "expenses.userinvolvedactivity",
  "pk": 227,
  "fields": {
    "activity": 19,
    "related_user": "5bfef92e-910c-4ad8-a1a9-67f841456640"
  }
},
{
  "model": "expenses.userinvolvedactivity",
  "pk": 228,
  "fields": {
    "activity": 19,
    "related_user": "37b0dacc-af2b-4487-ab7d-3ecec789984b"
  }
},
{
  "model": "expenses.userinvolvedactivity",
  "pk": 229,
  "fields": {
    "activity": 20,
    "related_user": "753ab5e3-f1d7-47a2-a814-fb12ab6f5def"
  }
},
{
  "model": "expenses.userinvolvedactivity",
  "pk": 230,
  "fields": {
    "activity": 20,
    "related_user": "5bfef92e-910c-4ad8-a1a9-67f841456640"
  }
},
{
  "model": "expenses.userinvolvedactivity",
  "pk": 231,
  "fields": {
    "activity": 20,
    "related_user": "37b0dacc-af2b-4487-ab7d-3ecec789984b"
  }
},
{
  "model": "expenses.userinvolvedactivity",
  "pk": 232,
  "fields": {
    "activity": 20,
    "related_user": "753ab5e3-f1d7-47a2-a814-fb12ab6f5def"
  }
},
{
  "model": "expenses.userinvolvedactivity",
  "pk": 233,
  "fields": {
    "activity": 20,
    "related_user": "5bfef92e-910c-4ad8-a1a9-67f841456640"
  }
},
{
  "model": "expenses.userinvolvedactivity",
  "pk": 234,
  "fields": {
    "activity": 20,
    "related_user": "37b0dacc-af2b-4487-ab7d-3ecec789984b"
  }
},
{
  "model": "expenses.userinvolvedactivity",
  "pk": 235,
  "fields": {
    "activity": 20,
    "related_user": "753ab5e3-f1d7-47a2-a814-fb12ab6f5def"
  }
},
{
  "model": "expenses.userinvolvedactivity",
  "pk": 236,
  "fields": {
    "activity": 20,
    "related_user": "5bfef92e-910c-4ad8-a1a9-67f841456640"
  }
},
{
  "model": "expenses.userinvolvedactivity",
  "pk": 237,
  "fields": {
    "activity": 20,
    "related_user": "37b0dacc-af2b-4487-ab7d-3ecec789984b"
  }
},
{
  "model": "expenses.userinvolvedactivity",
  "pk": 238,
  "fields": {
    "activity": 20,
    "related_user": "753ab5e3-f1d7-47a2-a814-fb12ab6f5def"
  }
},
{
  "model": "expenses.userinvolvedactivity",
  "pk": 239,
  "fields": {
    "activity": 20,
    "related_user": "5bfef92e-910c-4ad8-a1a9-67f841456640"
  }
},
{
  "model": "expenses.userinvolvedactivity",
  "pk": 240,
  "fields": {
    "activity": 20,
    "related_user": "37b0dacc-af2b-4487-ab7d-3ecec789984b"
  }
},
{
  "model": "expenses.userinvolvedactivity",
  "pk": 241,
  "fields": {
    "activity": 20,
    "related_user": "753ab5e3-f1d7-47a2-a814-fb12ab6f5def"
  }
},
{
  "model": "expenses.userinvolvedactivity",
  "pk": 242,
  "fields": {
    "activity": 20,
    "related_user": "5bfef92e-910c-4ad8-a1a9-67f841456640"
  }
},
{
  "model": "expenses.userinvolvedactivity",
  "pk": 243,
  "fields": {
    "activity": 20,
    "related_user": "37b0dacc-af2b-4487-ab7d-3ecec789984b"
  }
},
{
  "model": "expenses.userinvolvedactivity",
  "pk": 244,
  "fields": {
    "activity": 20,
    "related_user": "753ab5e3-f1d7-47a2-a814-fb12ab6f5def"
  }
},
{
  "model": "expenses.userinvolvedactivity",
  "pk": 245,
  "fields": {
    "activity": 20,
    "related_user": "5bfef92e-910c-4ad8-a1a9-67f841456640"
  }
},
{
  "model": "expenses.userinvolvedactivity",
  "pk": 246,
  "fields": {
    "activity": 20,
    "related_user": "37b0dacc-af2b-4487-ab7d-3ecec789984b"
  }
},
{
  "model": "expenses.userinvolvedactivity",
  "pk": 247,
  "fields": {
    "activity": 20,
    "related_user": "753ab5e3-f1d7-47a2-a814-fb12ab6f5def"
  }
},
{
  "model": "expenses.userinvolvedactivity",
  "pk": 248,
  "fields": {
    "activity": 20,
    "related_user": "5bfef92e-910c-4ad8-a1a9-67f841456640"
  }
},
{
  "model": "expenses.userinvolvedactivity",
  "pk": 249,
  "fields": {
    "activity": 20,
    "related_user": "37b0dacc-af2b-4487-ab7d-3ecec789984b"
  }
},
{
  "model": "expenses.userinvolvedactivity",
  "pk": 250,
  "fields": {
    "activity": 20,
    "related_user": "753ab5e3-f1d7-47a2-a814-fb12ab6f5def"
  }
},
{
  "model": "expenses.userinvolvedactivity",
  "pk": 251,
  "fields": {
    "activity": 20,
    "related_user": "5bfef92e-910c-4ad8-a1a9-67f841456640"
  }
},
{
  "model": "expenses.userinvolvedactivity",
  "pk": 252,
  "fields": {
    "activity": 20,
    "related_user": "37b0dacc-af2b-4487-ab7d-3ecec789984b"
  }
},
{
  "model": "expenses.userinvolvedactivity",
  "pk": 253,
  "fields": {
    "activity": 20,
    "related_user": "753ab5e3-f1d7-47a2-a814-fb12ab6f5def"
  }
},
{
  "model": "expenses.userinvolvedactivity",
  "pk": 254,
  "fields": {
    "activity": 20,
    "related_user": "5bfef92e-910c-4ad8-a1a9-67f841456640"
  }
},
{
  "model": "expenses.userinvolvedactivity",
  "pk": 255,
  "fields": {
    "activity": 20,
    "related_user": "37b0dacc-af2b-4487-ab7d-3ecec789984b"
  }
},
{
  "model": "expenses.userinvolvedactivity",
  "pk": 256,
  "fields": {
    "activity": 21,
    "related_user": "753ab5e3-f1d7-47a2-a814-fb12ab6f5def"
  }
},
{
  "model": "expenses.userinvolvedactivity",
  "pk": 257,
  "fields": {
    "activity": 21,
    "related_user": "5bfef92e-910c-4ad8-a1a9-67f841456640"
  }
},
{
  "model": "expenses.userinvolvedactivity",
  "pk": 258,
  "fields": {
    "activity": 21,
    "related_user": "37b0dacc-af2b-4487-ab7d-3ecec789984b"
  }
},
{
  "model": "expenses.userinvolvedactivity",
  "pk": 259,
  "fields": {
    "activity": 21,
    "related_user": "753ab5e3-f1d7-47a2-a814-fb12ab6f5def"
  }
},
{
  "model": "expenses.userinvolvedactivity",
  "pk": 260,
  "fields": {
    "activity": 21,
    "related_user": "5bfef92e-910c-4ad8-a1a9-67f841456640"
  }
},
{
  "model": "expenses.userinvolvedactivity",
  "pk": 261,
  "fields": {
    "activity": 21,
    "related_user": "37b0dacc-af2b-4487-ab7d-3ecec789984b"
  }
},
{
  "model": "expenses.userinvolvedactivity",
  "pk": 262,
  "fields": {
    "activity": 21,
    "related_user": "753ab5e3-f1d7-47a2-a814-fb12ab6f5def"
  }
},
{
  "model": "expenses.userinvolvedactivity",
  "pk": 263,
  "fields": {
    "activity": 21,
    "related_user": "5bfef92e-910c-4ad8-a1a9-67f841456640"
  }
},
{
  "model": "expenses.userinvolvedactivity",
  "pk": 264,
  "fields": {
    "activity": 21,
    "related_user": "37b0dacc-af2b-4487-ab7d-3ecec789984b"
  }
},
{
  "model": "expenses.userinvolvedactivity",
  "pk": 265,
  "fields": {
    "activity": 21,
    "related_user": "753ab5e3-f1d7-47a2-a814-fb12ab6f5def"
  }
},
{
  "model": "expenses.userinvolvedactivity",
  "pk": 266,
  "fields": {
    "activity": 21,
    "related_user": "5bfef92e-910c-4ad8-a1a9-67f841456640"
  }
},
{
  "model": "expenses.userinvolvedactivity",
  "pk": 267,
  "fields": {
    "activity": 21,
    "related_user": "37b0dacc-af2b-4487-ab7d-3ecec789984b"
  }
},
{
  "model": "expenses.userinvolvedactivity",
  "pk": 268,
  "fields": {
    "activity": 21,
    "related_user": "753ab5e3-f1d7-47a2-a814-fb12ab6f5def"
  }
},
{
  "model": "expenses.userinvolvedactivity",
  "pk": 269,
  "fields": {
    "activity": 21,
    "related_user": "5bfef92e-910c-4ad8-a1a9-67f841456640"
  }
},
{
  "model": "expenses.userinvolvedactivity",
  "pk": 270,
  "fields": {
    "activity": 21,
    "related_user": "37b0dacc-af2b-4487-ab7d-3ecec789984b"
  }
},
{
  "model": "expenses.userinvolvedactivity",
  "pk": 271,
  "fields": {
    "activity": 21,
    "related_user": "753ab5e3-f1d7-47a2-a814-fb12ab6f5def"
  }
},
{
  "model": "expenses.userinvolvedactivity",
  "pk": 272,
  "fields": {
    "activity": 21,
    "related_user": "5bfef92e-910c-4ad8-a1a9-67f841456640"
  }
},
{
  "model": "expenses.userinvolvedactivity",
  "pk": 273,
  "fields": {
    "activity": 21,
    "related_user": "37b0dacc-af2b-4487-ab7d-3ecec789984b"
  }
},
{
  "model": "expenses.userinvolvedactivity",
  "pk": 274,
  "fields": {
    "activity": 21,
    "related_user": "753ab5e3-f1d7-47a2-a814-fb12ab6f5def"
  }
},
{
  "model": "expenses.userinvolvedactivity",
  "pk": 275,
  "fields": {
    "activity": 21,
    "related_user": "5bfef92e-910c-4ad8-a1a9-67f841456640"
  }
},
{
  "model": "expenses.userinvolvedactivity",
  "pk": 276,
  "fields": {
    "activity": 21,
    "related_user": "37b0dacc-af2b-4487-ab7d-3ecec789984b"
  }
},
{
  "model": "expenses.userinvolvedactivity",
  "pk": 277,
  "fields": {
    "activity": 21,
    "related_user": "753ab5e3-f1d7-47a2-a814-fb12ab6f5def"
  }
},
{
  "model": "expenses.userinvolvedactivity",
  "pk": 278,
  "fields": {
    "activity": 21,
    "related_user": "5bfef92e-910c-4ad8-a1a9-67f841456640"
  }
},
{
  "model": "expenses.userinvolvedactivity",
  "pk": 279,
  "fields": {
    "activity": 21,
    "related_user": "37b0dacc-af2b-4487-ab7d-3ecec789984b"
  }
},
{
  "model": "expenses.userinvolvedactivity",
  "pk": 280,
  "fields": {
    "activity": 21,
    "related_user": "753ab5e3-f1d7-47a2-a814-fb12ab6f5def"
  }
},
{
  "model": "expenses.userinvolvedactivity",
  "pk": 281,
  "fields": {
    "activity": 21,
    "related_user": "5bfef92e-910c-4ad8-a1a9-67f841456640"
  }
},
{
  "model": "expenses.userinvolvedactivity",
  "pk": 282,
  "fields": {
    "activity": 21,
    "related_user": "37b0dacc-af2b-4487-ab7d-3ecec789984b"
  }
},
{
  "model": "expenses.userinvolvedactivity",
  "pk": 283,
  "fields": {
    "activity": 21,
    "related_user": "753ab5e3-f1d7-47a2-a814-fb12ab6f5def"
  }
},
{
  "model": "expenses.userinvolvedactivity",
  "pk": 284,
  "fields": {
    "activity": 21,
    "related_user": "5bfef92e-910c-4ad8-a1a9-67f841456640"
  }
},
{
  "model": "expenses.userinvolvedactivity",
  "pk": 285,
  "fields": {
    "activity": 21,
    "related_user": "37b0dacc-af2b-4487-ab7d-3ecec789984b"
  }
},
{
  "model": "expenses.userinvolvedactivity",
  "pk": 286,
  "fields": {
    "activity": 22,
    "related_user": "753ab5e3-f1d7-47a2-a814-fb12ab6f5def"
  }
},
{
  "model": "expenses.userinvolvedactivity",
  "pk": 287,
  "fields": {
    "activity": 22,
    "related_user": "5bfef92e-910c-4ad8-a1a9-67f841456640"
  }
},
{
  "model": "expenses.userinvolvedactivity",
  "pk": 288,
  "fields": {
    "activity": 22,
    "related_user": "37b0dacc-af2b-4487-ab7d-3ecec789984b"
  }
},
{
  "model": "expenses.userinvolvedactivity",
  "pk": 289,
  "fields": {
    "activity": 22,
    "related_user": "753ab5e3-f1d7-47a2-a814-fb12ab6f5def"
  }
},
{
  "model": "expenses.userinvolvedactivity",
  "pk": 290,
  "fields": {
    "activity": 22,
    "related_user": "5bfef92e-910c-4ad8-a1a9-67f841456640"
  }
},
{
  "model": "expenses.userinvolvedactivity",
  "pk": 291,
  "fields": {
    "activity": 22,
    "related_user": "37b0dacc-af2b-4487-ab7d-3ecec789984b"
  }
},
{
  "model": "expenses.userinvolvedactivity",
  "pk": 292,
  "fields": {
    "activity": 22,
    "related_user": "753ab5e3-f1d7-47a2-a814-fb12ab6f5def"
  }
},
{
  "model": "expenses.userinvolvedactivity",
  "pk": 293,
  "fields": {
    "activity": 22,
    "related_user": "5bfef92e-910c-4ad8-a1a9-67f841456640"
  }
},
{
  "model": "expenses.userinvolvedactivity",
  "pk": 294,
  "fields": {
    "activity": 22,
    "related_user": "37b0dacc-af2b-4487-ab7d-3ecec789984b"
  }
},
{
  "model": "expenses.userinvolvedactivity",
  "pk": 295,
  "fields": {
    "activity": 22,
    "related_user": "753ab5e3-f1d7-47a2-a814-fb12ab6f5def"
  }
},
{
  "model": "expenses.userinvolvedactivity",
  "pk": 296,
  "fields": {
    "activity": 22,
    "related_user": "5bfef92e-910c-4ad8-a1a9-67f841456640"
  }
},
{
  "model": "expenses.userinvolvedactivity",
  "pk": 297,
  "fields": {
    "activity": 22,
    "related_user": "37b0dacc-af2b-4487-ab7d-3ecec789984b"
  }
},
{
  "model": "expenses.userinvolvedactivity",
  "pk": 298,
  "fields": {
    "activity": 22,
    "related_user": "753ab5e3-f1d7-47a2-a814-fb12ab6f5def"
  }
},
{
  "model": "expenses.userinvolvedactivity",
  "pk": 299,
  "fields": {
    "activity": 22,
    "related_user": "5bfef92e-910c-4ad8-a1a9-67f841456640"
  }
},
{
  "model": "expenses.userinvolvedactivity",
  "pk": 300,
  "fields": {
    "activity": 22,
    "related_user": "37b0dacc-af2b-4487-ab7d-3ecec789984b"
  }
},
{
  "model": "expenses.userinvolvedactivity",
  "pk": 301,
  "fields": {
    "activity": 22,
    "related_user": "753ab5e3-f1d7-47a2-a814-fb12ab6f5def"
  }
},
{
  "model": "expenses.userinvolvedactivity",
  "pk": 302,
  "fields": {
    "activity": 22,
    "related_user": "5bfef92e-910c-4ad8-a1a9-67f841456640"
  }
},
{
  "model": "expenses.userinvolvedactivity",
  "pk": 303,
  "fields": {
    "activity": 22,
    "related_user": "37b0dacc-af2b-4487-ab7d-3ecec789984b"
  }
},
{
  "model": "expenses.userinvolvedactivity",
  "pk": 304,
  "fields": {
    "activity": 22,
    "related_user": "753ab5e3-f1d7-47a2-a814-fb12ab6f5def"
  }
},
{
  "model": "expenses.userinvolvedactivity",
  "pk": 305,
  "fields": {
    "activity": 22,
    "related_user": "5bfef92e-910c-4ad8-a1a9-67f841456640"
  }
},
{
  "model": "expenses.userinvolvedactivity",
  "pk": 306,
  "fields": {
    "activity": 22,
    "related_user": "37b0dacc-af2b-4487-ab7d-3ecec789984b"
  }
},
{
  "model": "expenses.userinvolvedactivity",
  "pk": 307,
  "fields": {
    "activity": 22,
    "related_user": "753ab5e3-f1d7-47a2-a814-fb12ab6f5def"
  }
},
{
  "model": "expenses.userinvolvedactivity",
  "pk": 308,
  "fields": {
    "activity": 22,
    "related_user": "5bfef92e-910c-4ad8-a1a9-67f841456640"
  }
},
{
  "model": "expenses.userinvolvedactivity",
  "pk": 309,
  "fields": {
    "activity": 22,
    "related_user": "37b0dacc-af2b-4487-ab7d-3ecec789984b"
  }
},
{
  "model": "expenses.userinvolvedactivity",
  "pk": 310,
  "fields": {
    "activity": 22,
    "related_user": "753ab5e3-f1d7-47a2-a814-fb12ab6f5def"
  }
},
{
  "model": "expenses.userinvolvedactivity",
  "pk": 311,
  "fields": {
    "activity": 22,
    "related_user": "5bfef92e-910c-4ad8-a1a9-67f841456640"
  }
},
{
  "model": "expenses.userinvolvedactivity",
  "pk": 312,
  "fields": {
    "activity": 22,
    "related_user": "37b0dacc-af2b-4487-ab7d-3ecec789984b"
  }
},
{
  "model": "expenses.userinvolvedactivity",
  "pk": 313,
  "fields": {
    "activity": 22,
    "related_user": "753ab5e3-f1d7-47a2-a814-fb12ab6f5def"
  }
},
{
  "model": "expenses.userinvolvedactivity",
  "pk": 314,
  "fields": {
    "activity": 22,
    "related_user": "5bfef92e-910c-4ad8-a1a9-67f841456640"
  }
},
{
  "model": "expenses.userinvolvedactivity",
  "pk": 315,
  "fields": {
    "activity": 22,
    "related_user": "37b0dacc-af2b-4487-ab7d-3ecec789984b"
  }
},
{
  "model": "expenses.userinvolvedactivity",
  "pk": 316,
  "fields": {
    "activity": 22,
    "related_user": "753ab5e3-f1d7-47a2-a814-fb12ab6f5def"
  }
},
{
  "model": "expenses.userinvolvedactivity",
  "pk": 317,
  "fields": {
    "activity": 22,
    "related_user": "5bfef92e-910c-4ad8-a1a9-67f841456640"
  }
},
{
  "model": "expenses.userinvolvedactivity",
  "pk": 318,
  "fields": {
    "activity": 22,
    "related_user": "37b0dacc-af2b-4487-ab7d-3ecec789984b"
  }
},
{
  "model": "expenses.userinvolvedactivity",
  "pk": 319,
  "fields": {
    "activity": 23,
    "related_user": "753ab5e3-f1d7-47a2-a814-fb12ab6f5def"
  }
},
{
  "model": "expenses.userinvolvedactivity",
  "pk": 320,
  "fields": {
    "activity": 23,
    "related_user": "5bfef92e-910c-4ad8-a1a9-67f841456640"
  }
},
{
  "model": "expenses.userinvolvedactivity",
  "pk": 321,
  "fields": {
    "activity": 23,
    "related_user": "37b0dacc-af2b-4487-ab7d-3ecec789984b"
  }
},
{
  "model": "expenses.userinvolvedactivity",
  "pk": 322,
  "fields": {
    "activity": 24,
    "related_user": "753ab5e3-f1d7-47a2-a814-fb12ab6f5def"
  }
},
{
  "model": "expenses.userinvolvedactivity",
  "pk": 323,
  "fields": {
    "activity": 24,
    "related_user": "5bfef92e-910c-4ad8-a1a9-67f841456640"
  }
},
{
  "model": "expenses.userinvolvedactivity",
  "pk": 324,
  "fields": {
    "activity": 24,
    "related_user": "37b0dacc-af2b-4487-ab7d-3ecec789984b"
  }
},
{
  "model": "expenses.userinvolvedactivity",
  "pk": 325,
  "fields": {
    "activity": 25,
    "related_user": "753ab5e3-f1d7-47a2-a814-fb12ab6f5def"
  }
},
{
  "model": "expenses.userinvolvedactivity",
  "pk": 326,
  "fields": {
    "activity": 25,
    "related_user": "5bfef92e-910c-4ad8-a1a9-67f841456640"
  }
},
{
  "model": "expenses.userinvolvedactivity",
  "pk": 327,
  "fields": {
    "activity": 25,
    "related_user": "37b0dacc-af2b-4487-ab7d-3ecec789984b"
  }
},
{
  "model": "expenses.userinvolvedactivity",
  "pk": 328,
  "fields": {
    "activity": 26,
    "related_user": "753ab5e3-f1d7-47a2-a814-fb12ab6f5def"
  }
},
{
  "model": "expenses.userinvolvedactivity",
  "pk": 329,
  "fields": {
    "activity": 26,
    "related_user": "5bfef92e-910c-4ad8-a1a9-67f841456640"
  }
},
{
  "model": "expenses.userinvolvedactivity",
  "pk": 330,
  "fields": {
    "activity": 26,
    "related_user": "37b0dacc-af2b-4487-ab7d-3ecec789984b"
  }
},
{
  "model": "expenses.userinvolvedactivity",
  "pk": 331,
  "fields": {
    "activity": 27,
    "related_user": "753ab5e3-f1d7-47a2-a814-fb12ab6f5def"
  }
},
{
  "model": "expenses.userinvolvedactivity",
  "pk": 332,
  "fields": {
    "activity": 27,
    "related_user": "5bfef92e-910c-4ad8-a1a9-67f841456640"
  }
},
{
  "model": "expenses.userinvolvedactivity",
  "pk": 333,
  "fields": {
    "activity": 27,
    "related_user": "37b0dacc-af2b-4487-ab7d-3ecec789984b"
  }
},
{
  "model": "expenses.userinvolvedactivity",
  "pk": 334,
  "fields": {
    "activity": 28,
    "related_user": "753ab5e3-f1d7-47a2-a814-fb12ab6f5def"
  }
},
{
  "model": "expenses.userinvolvedactivity",
  "pk": 335,
  "fields": {
    "activity": 28,
    "related_user": "5bfef92e-910c-4ad8-a1a9-67f841456640"
  }
},
{
  "model": "expenses.userinvolvedactivity",
  "pk": 336,
  "fields": {
    "activity": 28,
    "related_user": "37b0dacc-af2b-4487-ab7d-3ecec789984b"
  }
},
{
  "model": "expenses.userinvolvedactivity",
  "pk": 337,
  "fields": {
    "activity": 29,
    "related_user": "753ab5e3-f1d7-47a2-a814-fb12ab6f5def"
  }
},
{
  "model": "expenses.userinvolvedactivity",
  "pk": 338,
  "fields": {
    "activity": 29,
    "related_user": "5bfef92e-910c-4ad8-a1a9-67f841456640"
  }
},
{
  "model": "expenses.userinvolvedactivity",
  "pk": 339,
  "fields": {
    "activity": 29,
    "related_user": "37b0dacc-af2b-4487-ab7d-3ecec789984b"
  }
},
{
  "model": "expenses.userinvolvedactivity",
  "pk": 340,
  "fields": {
    "activity": 30,
    "related_user": "753ab5e3-f1d7-47a2-a814-fb12ab6f5def"
  }
},
{
  "model": "expenses.userinvolvedactivity",
  "pk": 341,
  "fields": {
    "activity": 30,
    "related_user": "5bfef92e-910c-4ad8-a1a9-67f841456640"
  }
},
{
  "model": "expenses.userinvolvedactivity",
  "pk": 342,
  "fields": {
    "activity": 30,
    "related_user": "37b0dacc-af2b-4487-ab7d-3ecec789984b"
  }
},
{
  "model": "expenses.userinvolvedactivity",
  "pk": 343,
  "fields": {
    "activity": 31,
    "related_user": "37b0dacc-af2b-4487-ab7d-3ecec789984b"
  }
},
{
  "model": "expenses.userinvolvedactivity",
  "pk": 344,
  "fields": {
    "activity": 31,
    "related_user": "5bfef92e-910c-4ad8-a1a9-67f841456640"
  }
},
{
  "model": "expenses.userinvolvedactivity",
  "pk": 345,
  "fields": {
    "activity": 31,
    "related_user": "753ab5e3-f1d7-47a2-a814-fb12ab6f5def"
  }
},
{
  "model": "expenses.userinvolvedactivity",
  "pk": 346,
  "fields": {
    "activity": 32,
    "related_user": "37b0dacc-af2b-4487-ab7d-3ecec789984b"
  }
},
{
  "model": "expenses.userinvolvedactivity",
  "pk": 347,
  "fields": {
    "activity": 32,
    "related_user": "5bfef92e-910c-4ad8-a1a9-67f841456640"
  }
},
{
  "model": "expenses.userinvolvedactivity",
  "pk": 348,
  "fields": {
    "activity": 32,
    "related_user": "753ab5e3-f1d7-47a2-a814-fb12ab6f5def"
  }
},
{
  "model": "expenses.userinvolvedactivity",
  "pk": 349,
  "fields": {
    "activity": 33,
    "related_user": "37b0dacc-af2b-4487-ab7d-3ecec789984b"
  }
},
{
  "model": "expenses.userinvolvedactivity",
  "pk": 350,
  "fields": {
    "activity": 33,
    "related_user": "5bfef92e-910c-4ad8-a1a9-67f841456640"
  }
},
{
  "model": "expenses.userinvolvedactivity",
  "pk": 351,
  "fields": {
    "activity": 33,
    "related_user": "753ab5e3-f1d7-47a2-a814-fb12ab6f5def"
  }
},
{
  "model": "expenses.userinvolvedactivity",
  "pk": 352,
  "fields": {
    "activity": 34,
    "related_user": "37b0dacc-af2b-4487-ab7d-3ecec789984b"
  }
},
{
  "model": "expenses.userinvolvedactivity",
  "pk": 353,
  "fields": {
    "activity": 34,
    "related_user": "5bfef92e-910c-4ad8-a1a9-67f841456640"
  }
},
{
  "model": "expenses.userinvolvedactivity",
  "pk": 354,
  "fields": {
    "activity": 34,
    "related_user": "753ab5e3-f1d7-47a2-a814-fb12ab6f5def"
  }
},
{
  "model": "expenses.userinvolvedactivity",
  "pk": 355,
  "fields": {
    "activity": 34,
    "related_user": "f1f9712c-114b-413c-aca6-29ce6af8eea4"
  }
}
]
